{"cameraMode":{"drawMode":0,"name":"Shaded","section":"Shading Mode"},"sceneLighting":true,"audioPlay":false,"sceneViewState":{"showFog":true,"showMaterialUpdate":true,"showSkybox":true,"showFlares":true,"showImageEffects":true,"showParticleSystems":true},"in2DMode":false,"pivot":{"x":-6.400571823120117,"y":1.798627257347107,"z":-1.3152368068695069},"rotation":{"x":-0.0153306033462286,"y":0.4104306101799011,"z":-0.006902063265442848,"w":-0.9117368459701538},"size":-4.231064796447754,"orthographic":false}