{"cameraMode":{"drawMode":0,"name":"Shaded","section":"Shading Mode"},"sceneLighting":true,"audioPlay":false,"sceneViewState":{"showFog":true,"showMaterialUpdate":true,"showSkybox":true,"showFlares":true,"showImageEffects":true,"showParticleSystems":true},"in2DMode":false,"pivot":{"x":2.073711633682251,"y":2.1928300857543947,"z":-3.9492483139038088},"rotation":{"x":0.003241002792492509,"y":0.21500086784362794,"z":-0.0006636389880441129,"w":0.9766870141029358},"size":2.7285850048065187,"orthographic":false}