{"cameraMode":{"drawMode":0,"name":"Shaded","section":"Shading Mode"},"sceneLighting":false,"audioPlay":false,"sceneViewState":{"showFog":true,"showMaterialUpdate":false,"showSkybox":false,"showFlares":true,"showImageEffects":true,"showParticleSystems":true},"in2DMode":false,"pivot":{"x":0.0,"y":0.40720000863075259,"z":-0.007350027561187744},"rotation":{"x":-0.05942655727267265,"y":0.9392732977867127,"z":-0.26359134912490847,"w":-0.21169766783714295},"size":28.21111488342285,"orthographic":false}