{"cameraMode":{"drawMode":0,"name":"Shaded","section":"Shading Mode"},"sceneLighting":true,"audioPlay":false,"sceneViewState":{"showFog":true,"showMaterialUpdate":false,"showSkybox":true,"showFlares":true,"showImageEffects":true,"showParticleSystems":true},"in2DMode":false,"pivot":{"x":1.1825718879699708,"y":2.556079387664795,"z":-6.848219394683838},"rotation":{"x":0.0008740726625546813,"y":-0.9988540410995483,"z":-0.0434776209294796,"w":-0.020081471651792527},"size":7.290249347686768,"orthographic":false}