{"cameraMode":{"drawMode":0,"name":"Shaded","section":"Shading Mode"},"sceneLighting":true,"audioPlay":false,"sceneViewState":{"showFog":true,"showMaterialUpdate":false,"showSkybox":true,"showFlares":true,"showImageEffects":true,"showParticleSystems":true},"in2DMode":false,"pivot":{"x":0.9435811042785645,"y":1.8723524808883668,"z":-7.872844696044922},"rotation":{"x":0.05049921199679375,"y":-0.7618466019630432,"z":0.059740956872701648,"w":0.6431137323379517},"size":6.950257301330566,"orthographic":false}