{"cameraMode":{"drawMode":0,"name":"Shaded","section":"Shading Mode"},"sceneLighting":true,"audioPlay":false,"sceneViewState":{"showFog":true,"showMaterialUpdate":false,"showSkybox":true,"showFlares":true,"showImageEffects":true,"showParticleSystems":true},"in2DMode":false,"pivot":{"x":-1.1362534761428834,"y":1.7796721458435059,"z":2.558967113494873},"rotation":{"x":0.3642471432685852,"y":0.02766076661646366,"z":-0.010280345566570759,"w":0.9310474395751953},"size":0.24409300088882447,"orthographic":false}