{"cameraMode":{"drawMode":0,"name":"Shaded","section":"Shading Mode"},"sceneLighting":true,"audioPlay":false,"sceneViewState":{"showFog":true,"showMaterialUpdate":false,"showSkybox":true,"showFlares":true,"showImageEffects":true,"showParticleSystems":true},"in2DMode":false,"pivot":{"x":-5.744266986846924,"y":1.5796716213226319,"z":3.7794599533081056},"rotation":{"x":0.1270800232887268,"y":-0.5359004139900208,"z":0.08312026411294937,"w":0.8307799696922302},"size":5.705999374389648,"orthographic":false}